{
    "1": {
        "contrast": {
            "b": 0.07,
            "g": -0.141,
            "r": -0.05
        },
        "covariance_matrix": [
            [
                0.0011575282998009663,
                0.00014804331950847596,
                0.00010527558289186867
            ],
            [
                0.00014804331950847596,
                0.0003813242898710391,
                0.00011223752521710611
            ],
            [
                0.00010527558289186867,
                0.00011223752521710614,
                0.00015794820271995138
            ]
        ]
    },
    "2": {
        "contrast": {
            "b": 0.097,
            "g": -0.263,
            "r": -0.083
        },
        "covariance_matrix": [
            [
                0.001067266720616092,
                0.00013725016046244138,
                0.00014244077250069977
            ],
            [
                0.00013725016046244138,
                0.00030936119899078497,
                0.00011534274889502158
            ],
            [
                0.00014244077250069977,
                0.00011534274889502158,
                0.00016834540202633903
            ]
        ]
    }
}