{
    "1": {
        "contrast": {
            "b": 0.071,
            "g": -0.056,
            "r": -0.037
        },
        "covariance_matrix": [
            [
                0.000371968426393513,
                6.998435826680996e-05,
                6.801159284173033e-05
            ],
            [
                6.998435826680996e-05,
                0.00011084247605414812,
                6.39348694932517e-05
            ],
            [
                6.801159284173033e-05,
                6.39348694932517e-05,
                6.002231017714132e-05
            ]
        ]
    },
    "2": {
        "contrast": {
            "b": 0.112,
            "g": -0.096,
            "r": -0.056
        },
        "covariance_matrix": [
            [
                0.0003338792496980463,
                8.723715563171134e-05,
                7.67835925929989e-05
            ],
            [
                8.723715563171131e-05,
                9.533498934057822e-05,
                5.555152399273284e-05
            ],
            [
                7.67835925929989e-05,
                5.555152399273284e-05,
                5.7873209621882216e-05
            ]
        ]
    }
}