{
    "1": {
        "contrast": {
            "b": 0.016,
            "g": -0.07,
            "r": -0.092
        },
        "covariance_matrix": [
            [
                8.935401379128344e-05,
                1.4554456127854149e-05,
                -2.5853759637514527e-05
            ],
            [
                1.4554456127854149e-05,
                7.876019442798398e-05,
                1.2885663604973067e-05
            ],
            [
                -2.5853759637514527e-05,
                1.2885663604973067e-05,
                0.0001348379115095167
            ]
        ]
    },
    "2": {
        "contrast": {
            "b": 0.0,
            "g": -0.143,
            "r": -0.155
        },
        "covariance_matrix": [
            [
                7.484887848750396e-05,
                8.893756382301516e-06,
                -1.2041692935650368e-05
            ],
            [
                8.893756382301513e-06,
                7.0215942428321e-05,
                1.7628762229504233e-05
            ],
            [
                -1.2041692935650364e-05,
                1.7628762229504233e-05,
                0.00012031517710142103
            ]
        ]
    }
}