{
    "1": {
        "contrast": {
            "b": 0.004,
            "g": -0.07,
            "r": -0.068
        },
        "covariance_matrix": [
            [
                0.00019696998717825718,
                9.61761833222737e-05,
                4.909055157636452e-05
            ],
            [
                9.617618332227372e-05,
                0.0001337651495981049,
                8.752105971967164e-05
            ],
            [
                4.9090551576364524e-05,
                8.752105971967164e-05,
                0.00016701645173060063
            ]
        ]
    },
    "2": {
        "contrast": {
            "b": -0.018,
            "g": -0.144,
            "r": -0.119
        },
        "covariance_matrix": [
            [
                0.00016905817650277125,
                7.58817010985097e-05,
                3.123176783930714e-05
            ],
            [
                7.58817010985097e-05,
                0.00010014749965114294,
                5.809259190011336e-05
            ],
            [
                3.123176783930714e-05,
                5.809259190011336e-05,
                0.00014623886300878835
            ]
        ]
    }
}