{
    "1": {
        "contrast": {
            "b": -0.01,
            "g": -0.086,
            "r": -0.057
        },
        "covariance_matrix": [
            [
                0.00010403647327583233,
                2.7035380414650892e-05,
                1.0732667126549839e-05
            ],
            [
                2.7035380414650892e-05,
                0.00010954284278430361,
                4.635609736950596e-05
            ],
            [
                1.0732667126549835e-05,
                4.635609736950596e-05,
                0.00010103744984597675
            ]
        ]
    },
    "2": {
        "contrast": {
            "b": -0.043,
            "g": -0.156,
            "r": -0.093
        },
        "covariance_matrix": [
            [
                0.00011459551134333196,
                5.2887399353446596e-05,
                4.597119205828461e-05
            ],
            [
                5.2887399353446596e-05,
                0.0001455071851394276,
                0.00010452740592121129
            ],
            [
                4.597119205828461e-05,
                0.00010452740592121129,
                0.00017519628759940118
            ]
        ]
    }
}