{
    "1": {
        "contrast": {
            "b": 0.068,
            "g": -0.137,
            "r": -0.046
        },
        "covariance_matrix": [
            [
                0.0009988427542786406,
                0.00014945370783859554,
                0.00013406318511809486
            ],
            [
                0.00014945370783859557,
                0.0004430165071124745,
                0.00012532253794538594
            ],
            [
                0.00013406318511809486,
                0.00012532253794538594,
                0.00014252008634549964
            ]
        ]
    },
    "2": {
        "contrast": {
            "b": 0.097,
            "g": -0.263,
            "r": -0.083
        },
        "covariance_matrix": [
            [
                0.0010702370265239021,
                0.00013007531613252134,
                0.00013739107330727952
            ],
            [
                0.00013007531613252131,
                0.00031500524613671234,
                0.00011841130048433985
            ],
            [
                0.00013739107330727952,
                0.00011841130048433985,
                0.0001696116621304949
            ]
        ]
    }
}