{
    "1": {
        "contrast": {
            "b": 0.062,
            "g": -0.062,
            "r": -0.04
        },
        "covariance_matrix": [
            [
                0.0005980264297112533,
                5.532068631304044e-05,
                7.778270474520197e-05
            ],
            [
                5.532068631304044e-05,
                0.00012122780557600236,
                2.6365239236335382e-05
            ],
            [
                7.778270474520197e-05,
                2.6365239236335382e-05,
                8.885353476406128e-05
            ]
        ]
    },
    "2": {
        "contrast": {
            "b": 0.096,
            "g": -0.105,
            "r": -0.06
        },
        "covariance_matrix": [
            [
                0.0006406603180143431,
                0.00010116251790308689,
                8.8544115292677e-05
            ],
            [
                0.00010116251790308689,
                0.00013406883204416487,
                1.511855066189454e-05
            ],
            [
                8.8544115292677e-05,
                1.511855066189454e-05,
                9.68894812125202e-05
            ]
        ]
    }
}